Partial_Shading,Irradiance,Temperature,V_OC,I_SC,"P_MP,0","V_MP,0","I_MP,0","P_MP,1","V_MP,1","I_MP,1",V_0,I_0,V_1,I_1,V_2,I_2,V_3,I_3
0.5,1000,50,31.509,8.9993,77.781,10.344,7.5196,70.169,27.202,2.5795,14.568,2.7,9.7242,7.9,11.579,6.4,28.924,2.2
0.5,1000,49,31.633,8.9994,78.288,10.342,7.5696,70.523,27.333,2.5802,14.629,2.7,9.8248,7.9,11.656,6.4,29.052,2.2
0.5,1000,48,31.757,8.9994,78.794,10.415,7.5654,70.878,27.463,2.5809,14.69,2.7,9.9007,7.9,11.722,6.4,29.189,2.2
0.5,1000,47,31.881,8.9995,79.301,10.457,7.5834,71.232,27.593,2.5815,14.751,2.7,9.8253,8,11.769,6.4,29.317,2.2
0.5,1000,46,32.005,8.9995,79.806,10.476,7.6183,71.587,27.723,2.5822,14.812,2.7,9.835,8,11.744,6.5,29.454,2.2
0.5,1000,45,32.129,8.9995,80.316,10.551,7.6118,71.941,27.831,2.5849,14.873,2.7,9.9157,8,11.812,6.5,29.585,2.2
0.5,1000,44,32.253,8.9996,80.824,10.627,7.6052,72.296,27.975,2.5843,14.934,2.7,9.9965,8,11.879,6.5,29.71,2.2
0.5,1000,43,32.376,8.9996,81.332,10.689,7.6088,72.651,28.081,2.5872,14.995,2.7,10.06,8,11.938,6.5,29.847,2.2
0.5,1000,42,32.5,8.9996,81.84,10.66,7.6772,73.006,28.211,2.5878,15.056,2.7,9.8878,8.1,12,6.5,29.974,2.2
0.5,1000,41,32.624,8.9997,82.356,10.74,7.6678,73.361,28.341,2.5885,15.117,2.7,9.975,8.1,12.07,6.5,30.111,2.2
0.5,1000,40,32.747,8.9997,82.865,10.85,7.6372,73.716,28.483,2.5881,15.178,2.7,10.219,8,12.157,6.5,30.242,2.2
0.5,1000,39,32.871,8.9997,83.377,10.905,7.6455,74.071,28.601,2.5898,15.239,2.7,10.274,8,12.212,6.5,30.375,2.2
0.5,1000,38,32.994,8.9997,83.894,10.893,7.7016,74.426,28.744,2.5893,15.3,2.7,10.254,8.1,12.271,6.5,30.506,2.2
0.5,1000,37,33.118,8.9998,84.405,10.921,7.7286,74.781,28.862,2.591,15.36,2.7,10.267,8.1,12.208,6.6,30.63,2.2
0.5,1000,36,33.241,8.9998,84.924,11.016,7.7092,75.136,28.975,2.5932,15.421,2.7,10.371,8.1,12.287,6.6,30.762,2.2
0.5,1000,35,33.364,8.9998,85.439,11.089,7.7048,75.492,29.122,2.5923,15.482,2.7,10.377,8.1,12.466,6.5,30.894,2.2
0.5,1000,34,33.488,8.9998,85.956,11.144,7.7131,75.848,29.252,2.5929,15.542,2.7,10.509,8.1,12.4,6.6,31.031,2.2
0.5,1000,33,33.611,8.9998,86.47,11.124,7.773,76.203,29.381,2.5936,15.603,2.7,10.375,8.2,12.49,6.6,31.158,2.2
0.5,1000,32,33.734,8.9998,86.99,11.259,7.7263,76.559,29.512,2.5941,15.664,2.7,10.619,8.1,12.577,6.6,31.294,2.2
0.5,1000,31,33.857,8.9999,87.512,11.267,7.7673,76.914,29.643,2.5947,15.724,2.7,10.527,8.2,12.617,6.6,31.422,2.2
0.5,1000,30,33.98,8.9999,88.03,11.355,7.7528,77.269,29.74,2.5982,15.785,2.7,10.71,8.1,12.679,6.6,31.558,2.2
0.5,1000,29,34.103,8.9999,88.552,11.386,7.7771,77.625,29.889,2.5972,15.846,2.7,10.632,8.2,12.752,6.6,31.681,2.2
0.5,1000,28,34.226,8.9999,89.069,11.384,7.8238,77.981,30.026,2.5971,15.906,2.7,10.719,8.2,12.683,6.7,31.819,2.2
0.5,1000,27,34.349,8.9999,89.593,11.451,7.8243,78.337,30.142,2.5989,15.967,2.7,10.792,8.2,12.798,6.7,31.942,2.2
0.5,1000,26,34.472,8.9999,90.118,11.541,7.8083,78.693,30.292,2.5978,16.027,2.7,10.813,8.2,12.928,6.6,32.075,2.2
0.5,1000,25,34.595,8.9999,90.642,11.591,7.8201,79.048,30.39,2.6011,16.088,2.7,10.935,8.2,12.987,6.6,32.211,2.2
0.5,1000,24,34.718,8.9999,91.162,11.601,7.8578,79.404,30.518,2.6019,16.148,2.7,10.743,8.3,12.948,6.7,32.338,2.2
0.5,1000,23,34.841,8.9999,91.686,11.649,7.8708,79.76,30.659,2.6015,16.208,2.7,10.852,8.3,13.01,6.7,32.468,2.2
0.5,1000,22,34.963,8.9999,92.215,11.72,7.8679,80.116,30.777,2.6031,16.269,2.7,10.928,8.3,13.075,6.7,32.6,2.2
0.5,1000,21,35.086,8.9999,92.74,11.831,7.8388,80.472,30.909,2.6035,16.329,2.7,11.205,8.2,13.18,6.7,32.728,2.2
0.5,1000,20,35.209,8.9999,93.266,11.885,7.8475,80.828,31.039,2.6041,16.39,2.7,11.247,8.2,13.195,6.7,32.863,2.2
0.4,1000,50,31.812,8.9998,105.69,13.496,7.8315,72.821,27.942,2.6061,18.082,2.7,12.729,8.2,14.944,6.7,29.601,2.2
0.4,1000,49,31.935,8.9998,106.33,13.519,7.8656,73.173,28.078,2.6061,18.155,2.7,12.612,8.3,15.041,6.7,29.729,2.2
0.4,1000,48,32.058,8.9998,106.97,13.541,7.8994,73.525,28.214,2.606,18.229,2.7,12.619,8.3,15.084,6.7,29.857,2.2
0.4,1000,47,32.181,8.9999,107.61,13.624,7.899,73.876,28.316,2.609,18.302,2.7,12.705,8.3,15.16,6.7,29.985,2.2
0.4,1000,46,32.304,8.9999,108.26,13.725,7.8877,74.229,28.452,2.6089,18.375,2.7,12.816,8.3,15.246,6.7,30.122,2.2
0.4,1000,45,32.427,8.9999,108.9,13.785,7.8997,74.581,28.587,2.6089,18.448,2.7,12.873,8.3,15.31,6.7,30.25,2.2
0.4,1000,44,32.55,8.9999,109.54,13.845,7.9116,74.933,28.71,2.61,18.521,2.7,12.93,8.3,15.427,6.7,30.383,2.2
0.4,1000,43,32.673,8.9999,110.18,13.906,7.9235,75.285,28.858,2.6088,18.594,2.7,13.117,8.3,15.491,6.7,30.505,2.2
0.4,1000,42,32.796,8.9999,110.82,13.946,7.9465,75.636,28.961,2.6117,18.667,2.7,13.149,8.3,15.436,6.8,30.641,2.2
0.4,1000,41,32.918,8.9999,111.47,14.086,7.9134,75.989,29.096,2.6116,18.74,2.7,13.181,8.3,15.65,6.7,30.769,2.2
0.4,1000,40,33.041,8.9999,112.11,14.087,7.9587,76.34,29.205,2.6139,18.814,2.7,13.023,8.4,15.63,6.8,30.899,2.2
0.4,1000,39,33.164,8.9999,112.76,14.187,7.9481,76.693,29.367,2.6116,18.886,2.7,13.399,8.3,15.715,6.8,31.025,2.2
0.4,1000,38,33.286,8.9999,113.41,14.248,7.9597,77.045,29.502,2.6115,18.959,2.7,13.191,8.4,15.779,6.8,31.152,2.2
0.4,1000,37,33.409,8.9999,114.05,14.268,7.9934,77.397,29.605,2.6143,19.032,2.7,13.33,8.4,15.822,6.8,31.288,2.2
0.4,1000,36,33.531,8.9999,114.7,14.349,7.9938,77.75,29.74,2.6143,19.105,2.7,13.414,8.4,15.95,6.8,31.415,2.2
0.4,1000,35,33.653,8.9999,115.35,14.409,8.0052,78.102,29.862,2.6154,19.178,2.7,13.471,8.4,16.014,6.8,31.54,2.2
0.4,1000,34,33.776,9,116,14.49,8.0056,78.454,29.998,2.6153,19.251,2.7,13.555,8.4,16.089,6.8,31.675,2.2
0.4,1000,33,33.898,9,116.65,14.551,8.0169,78.806,30.113,2.617,19.324,2.7,13.612,8.4,16.153,6.8,31.806,2.2
0.4,1000,32,34.02,9,117.3,14.611,8.0281,79.158,30.249,2.6169,19.397,2.7,13.67,8.4,16.249,6.8,31.933,2.2
0.4,1000,31,34.143,9,117.95,14.672,8.0394,79.51,30.358,2.6191,19.469,2.7,13.727,8.4,16.334,6.8,32.062,2.2
0.4,1000,30,34.265,9,118.61,14.793,8.0179,79.862,30.486,2.6196,19.542,2.7,13.865,8.4,16.378,6.8,32.188,2.2
0.4,1000,29,34.387,9,119.26,14.874,8.0182,80.215,30.622,2.6195,19.615,2.7,13.949,8.4,16.453,6.8,32.315,2.2
0.4,1000,28,34.509,9,119.91,14.874,8.0618,80.567,30.745,2.6205,19.687,2.7,13.786,8.5,16.432,6.9,32.448,2.2
0.4,1000,27,34.631,9,120.56,15.035,8.0188,80.92,30.892,2.6194,19.76,2.7,14.117,8.4,16.602,6.8,32.578,2.2
0.4,1000,26,34.753,9,121.22,15.036,8.0622,81.272,31.001,2.6216,19.833,2.7,13.955,8.5,16.582,6.9,32.706,2.2
0.4,1000,25,34.875,9,121.88,15.097,8.0732,81.624,31.13,2.6221,19.905,2.7,14.012,8.5,16.7,6.9,32.832,2.2
0.4,1000,24,34.997,9,122.54,15.218,8.0519,81.976,31.252,2.6231,19.978,2.7,14.011,8.5,16.847,6.8,32.963,2.2
0.4,1000,23,35.118,9,123.19,15.218,8.0949,82.329,31.4,2.6219,20.05,2.7,14.125,8.5,16.829,6.9,33.094,2.2
0.4,1000,22,35.24,9,123.85,15.36,8.063,82.68,31.501,2.6246,20.123,2.7,14.295,8.5,16.883,6.9,33.22,2.2
0.4,1000,21,35.362,9,124.51,15.401,8.0845,83.033,31.638,2.6245,20.195,2.7,14.324,8.5,16.99,6.9,33.348,2.2
0.4,1000,20,35.484,9,125.17,15.502,8.074,83.386,31.773,2.6244,20.267,2.7,14.437,8.5,17.075,6.9,33.475,2.2
0.3,1000,50,32.115,8.9999,134.22,16.749,8.0137,75.673,28.767,2.6305,21.596,2.7,15.7,8.4,18.503,6.8,30.278,2.2
0.3,1000,49,32.237,8.9999,134.98,16.796,8.0365,76.021,28.891,2.6313,21.681,2.7,15.736,8.4,18.568,6.8,30.407,2.2
0.3,1000,48,32.359,8.9999,135.75,16.944,8.0114,76.37,29.02,2.6316,21.767,2.7,15.906,8.4,18.682,6.8,30.532,2.2
0.3,1000,47,32.482,8.9999,136.52,16.982,8.039,76.718,29.14,2.6327,21.852,2.7,15.928,8.4,18.742,6.8,30.662,2.2
0.3,1000,46,32.604,9,137.29,17.04,8.0568,77.065,29.256,2.6342,21.937,2.7,15.694,8.5,18.861,6.8,30.791,2.2
0.3,1000,45,32.726,9,138.06,17.148,8.0509,77.415,29.416,2.6317,22.023,2.7,15.813,8.5,18.955,6.8,30.916,2.2
0.3,1000,44,32.847,9,138.83,17.236,8.0544,77.763,29.516,2.6346,22.108,2.7,15.903,8.5,19.04,6.8,31.042,2.2
0.3,1000,43,32.969,9,139.6,17.325,8.0579,78.112,29.657,2.6339,22.193,2.7,15.992,8.5,19.125,6.8,31.17,2.2
0.3,1000,42,33.091,9,140.37,17.393,8.0709,78.46,29.778,2.6349,22.279,2.7,16.053,8.5,19.102,6.9,31.3,2.2
0.3,1000,41,33.213,9,141.15,17.481,8.0743,78.809,29.905,2.6353,22.364,2.7,16.143,8.5,19.187,6.9,31.425,2.2
0.3,1000,40,33.335,9,141.92,17.529,8.0964,79.157,30.026,2.6363,22.449,2.7,16.319,8.5,19.301,6.9,31.555,2.2
0.3,1000,39,33.456,9,142.69,17.576,8.1184,79.506,30.167,2.6356,22.534,2.7,16.352,8.5,19.366,6.9,31.682,2.2
0.3,1000,38,33.578,9,143.46,17.654,8.1263,79.854,30.294,2.636,22.619,2.7,16.427,8.5,19.496,6.9,31.807,2.2
0.3,1000,37,33.7,9,144.25,17.774,8.1158,80.202,30.401,2.6381,22.704,2.7,16.56,8.5,19.546,6.9,31.934,2.2
0.3,1000,36,33.821,9,145.02,17.862,8.1191,80.551,30.555,2.6362,22.789,2.7,16.65,8.5,19.631,6.9,32.064,2.2
0.3,1000,35,33.943,9,145.8,17.971,8.1131,80.899,30.683,2.6366,22.875,2.7,16.769,8.5,19.726,6.9,32.189,2.2
0.3,1000,34,34.064,9,146.58,18.039,8.1256,81.247,30.799,2.638,22.959,2.7,16.83,8.5,19.85,6.9,32.317,2.2
0.3,1000,33,34.185,9,147.35,18.066,8.1562,81.595,30.944,2.6369,23.044,2.7,16.534,8.6,19.906,6.9,32.445,2.2
0.3,1000,32,34.307,9,148.13,18.216,8.1321,81.944,31.062,2.638,23.129,2.7,17.01,8.5,20.02,6.9,32.574,2.2
0.3,1000,31,34.428,9,148.91,18.264,8.1535,82.292,31.172,2.6399,23.214,2.7,16.746,8.6,20.133,6.9,32.696,2.2
0.3,1000,30,34.549,9,149.69,18.311,8.1747,82.64,31.298,2.6404,23.299,2.7,16.774,8.6,20.199,6.9,32.826,2.2
0.3,1000,29,34.67,9,150.48,18.421,8.1688,82.988,31.424,2.6409,23.384,2.7,16.896,8.6,20.293,6.9,32.95,2.2
0.3,1000,28,34.791,9,151.26,18.55,8.1539,83.337,31.567,2.64,23.469,2.7,17.047,8.6,20.397,6.9,33.078,2.2
0.3,1000,27,34.913,9,152.04,18.557,8.1929,83.685,31.687,2.6409,23.553,2.7,17.168,8.6,20.348,7,33.207,2.2
0.3,1000,26,35.034,9,152.82,18.646,8.196,84.032,31.794,2.643,23.638,2.7,17.259,8.6,20.433,7,33.334,2.2
0.3,1000,25,35.155,9,153.6,18.714,8.2079,84.38,31.935,2.6423,23.723,2.7,17.319,8.6,20.557,7,33.46,2.2
0.3,1000,24,35.275,9,154.39,18.824,8.202,84.729,32.074,2.6417,23.807,2.7,17.439,8.6,20.652,7,33.587,2.2
0.3,1000,23,35.396,9,155.18,18.933,8.1961,85.076,32.185,2.6434,23.892,2.7,17.56,8.6,20.747,7,33.714,2.2
0.3,1000,22,35.517,9,155.96,19.001,8.2079,85.424,32.309,2.6439,23.976,2.7,17.62,8.6,20.823,7,33.838,2.2
0.3,1000,21,35.638,9,156.75,19.111,8.202,85.771,32.43,2.6448,24.061,2.7,17.741,8.6,20.917,7,33.966,2.2
0.3,1000,20,35.759,9,157.53,19.2,8.205,86.12,32.572,2.644,24.145,2.7,17.786,8.6,21.003,7,34.094,2.2
0.2,1000,50,32.418,9,163.04,20.108,8.1081,78.785,29.671,2.6552,25.109,2.7,18.786,8.5,22.033,6.9,30.802,2.3
0.2,1000,49,32.539,9,163.93,20.143,8.1385,79.129,29.818,2.6538,25.207,2.7,18.795,8.5,22.147,6.9,30.923,2.3
0.2,1000,48,32.661,9,164.82,20.299,8.1197,79.474,29.93,2.6553,25.305,2.7,18.975,8.5,22.224,6.9,31.051,2.3
0.2,1000,47,32.782,9,165.72,20.334,8.1499,79.817,30.043,2.6567,25.402,2.7,18.532,8.6,22.337,6.9,31.18,2.3
0.2,1000,46,32.903,9,166.61,20.409,8.1636,80.161,30.176,2.6565,25.5,2.7,18.595,8.6,22.469,6.9,31.305,2.3
0.2,1000,45,33.024,9,167.51,20.586,8.1369,80.506,30.309,2.6562,25.597,2.7,19.26,8.5,22.555,6.9,31.43,2.3
0.2,1000,44,33.145,9,168.41,20.672,8.1466,80.85,30.448,2.6553,25.695,2.7,18.893,8.6,22.646,6.9,31.557,2.3
0.2,1000,43,33.266,9,169.31,20.737,8.1643,81.194,30.561,2.6568,25.792,2.7,18.941,8.6,22.773,6.9,31.685,2.3
0.2,1000,42,33.387,9,170.2,20.884,8.1498,81.537,30.68,2.6577,25.89,2.7,19.113,8.6,22.846,6.9,31.808,2.3
0.2,1000,41,33.508,9,171.1,20.908,8.1833,81.881,30.806,2.658,25.987,2.7,19.254,8.6,22.863,7,31.932,2.3
0.2,1000,40,33.628,9,172,21.065,8.1649,82.225,30.947,2.6569,26.085,2.7,19.287,8.6,23.076,6.9,32.059,2.3
0.2,1000,39,33.749,9,172.9,21.161,8.1704,82.569,31.064,2.658,26.182,2.7,19.535,8.6,23.172,6.9,32.187,2.3
0.2,1000,38,33.87,9,173.8,21.217,8.1918,82.913,31.19,2.6583,26.279,2.7,19.568,8.6,23.158,7,32.311,2.3
0.2,1000,37,33.99,9,174.7,21.313,8.1972,83.256,31.322,2.658,26.377,2.7,19.663,8.6,23.254,7,32.436,2.3
0.2,1000,36,34.111,9,175.6,21.367,8.2182,83.6,31.455,2.6578,26.474,2.7,19.849,8.6,23.377,7,32.561,2.3
0.2,1000,35,34.232,9,176.51,21.484,8.2157,83.943,31.567,2.6592,26.571,2.7,19.974,8.6,23.482,7,32.688,2.3
0.2,1000,34,34.352,9,177.41,21.642,8.1975,84.285,31.673,2.6611,26.668,2.7,20.009,8.6,23.604,7,32.815,2.3
0.2,1000,33,34.473,9,178.31,21.728,8.2068,84.63,31.819,2.6598,26.765,2.7,20.088,8.6,23.695,7,32.942,2.3
0.2,1000,32,34.593,9,179.22,21.752,8.2393,84.973,31.951,2.6595,26.862,2.7,19.587,8.7,23.804,7,33.067,2.3
0.2,1000,31,34.713,9,180.13,21.869,8.2368,85.317,32.077,2.6598,26.959,2.7,20.354,8.6,23.909,7,33.19,2.3
0.2,1000,30,34.834,9,181.03,21.965,8.242,85.659,32.189,2.6612,27.056,2.7,19.809,8.7,24.004,7,33.317,2.3
0.2,1000,29,34.954,9,181.94,22.061,8.2471,86.002,32.308,2.662,27.153,2.7,19.903,8.7,24.1,7,33.44,2.3
0.2,1000,28,35.074,9,182.85,22.178,8.2446,86.346,32.46,2.6601,27.25,2.7,20.031,8.7,24.205,7,33.568,2.3
0.2,1000,27,35.194,9,183.75,22.274,8.2497,86.687,32.552,2.6631,27.347,2.7,20.292,8.7,24.3,7,33.691,2.3
0.2,1000,26,35.314,9,184.66,22.391,8.2471,87.031,32.712,2.6605,27.443,2.7,20.253,8.7,24.405,7,33.815,2.3
0.2,1000,25,35.434,9,185.57,22.446,8.2675,87.374,32.816,2.6625,27.54,2.7,20.448,8.7,24.526,7,33.94,2.3
0.2,1000,24,35.555,9,186.48,22.501,8.2876,87.717,32.948,2.6623,27.637,2.7,20.641,8.7,24.648,7,34.065,2.3
0.2,1000,23,35.674,9,187.39,22.597,8.2926,88.059,33.057,2.6638,27.734,2.7,20.735,8.7,24.743,7,34.191,2.3
0.2,1000,22,35.794,9,188.3,22.777,8.2673,88.402,33.192,2.6634,27.83,2.7,20.797,8.7,24.831,7,34.316,2.3
0.2,1000,21,35.914,9,189.21,22.873,8.2723,88.745,33.317,2.6636,27.927,2.7,20.892,8.7,24.926,7,34.439,2.3
0.2,1000,20,36.034,9,190.12,22.887,8.3073,89.086,33.429,2.6649,28.023,2.7,21.019,8.7,24.944,7.1,34.566,2.3
0.1,1000,50,32.721,9,192.03,23.415,8.2012,82.287,30.738,2.6771,28.623,2.7,21.623,8.6,25.555,7,31.537,2.3
0.1,1000,49,32.842,9,193.05,23.579,8.1873,82.625,30.846,2.6786,28.733,2.7,21.66,8.6,25.688,7,31.658,2.3
0.1,1000,48,32.962,9,194.07,23.682,8.1946,82.964,30.973,2.6785,28.843,2.7,21.913,8.6,25.794,7,31.785,2.3
0.1,1000,47,33.082,9,195.08,23.744,8.216,83.301,31.089,2.6795,28.953,2.7,21.95,8.6,25.927,7,31.909,2.3
0.1,1000,46,33.202,9,196.1,23.868,8.2162,83.641,31.226,2.6786,29.062,2.7,22.08,8.6,26.041,7,32.03,2.3
0.1,1000,45,33.322,9,197.12,23.971,8.2234,83.979,31.35,2.6787,29.172,2.7,22.179,8.6,26.147,7,32.154,2.3
0.1,1000,44,33.442,9,198.15,24.095,8.2236,84.317,31.479,2.6785,29.282,2.7,22.309,8.6,26.262,7,32.28,2.3
0.1,1000,43,33.562,9,199.17,24.239,8.2167,84.655,31.596,2.6793,29.392,2.7,22.469,8.6,26.386,7,32.403,2.3
0.1,1000,42,33.682,9,200.19,24.301,8.2378,84.993,31.724,2.6792,29.501,2.7,22.659,8.6,26.518,7,32.528,2.3
0.1,1000,41,33.802,9,201.21,24.425,8.2379,85.331,31.843,2.6797,29.611,2.7,22.789,8.6,26.632,7,32.651,2.3
0.1,1000,40,33.922,9,202.23,24.59,8.2241,85.668,31.966,2.68,29.72,2.7,22.828,8.6,26.764,7,32.773,2.3
0.1,1000,39,34.042,9,203.26,24.673,8.2381,86.005,32.085,2.6805,29.83,2.7,22.252,8.7,26.862,7,32.897,2.3
0.1,1000,38,34.162,9,204.28,24.714,8.2657,86.341,32.203,2.6812,29.939,2.7,22.417,8.7,26.985,7,33.021,2.3
0.1,1000,37,34.281,9,205.31,24.818,8.2726,86.682,32.352,2.6793,30.049,2.7,22.514,8.7,27.091,7,33.146,2.3
0.1,1000,36,34.401,9,206.34,24.983,8.259,87.018,32.462,2.6806,30.158,2.7,22.712,8.7,27.222,7,33.267,2.3
0.1,1000,35,34.521,9,207.37,25.108,8.2591,87.356,32.605,2.6793,30.267,2.7,22.844,8.7,27.337,7,33.391,2.3
0.1,1000,34,34.641,9,208.39,25.211,8.2659,87.69,32.698,2.6818,30.376,2.7,22.942,8.7,27.443,7,33.513,2.3
0.1,1000,33,34.76,9,209.42,25.294,8.2795,88.028,32.822,2.6819,30.486,2.7,23.006,8.7,27.582,7,33.639,2.3
0.1,1000,32,34.879,9,210.45,25.459,8.266,88.366,32.956,2.6814,30.595,2.7,23.204,8.7,27.672,7,33.759,2.3
0.1,1000,31,34.999,9,211.48,25.563,8.2728,88.702,33.073,2.682,30.704,2.7,23.302,8.7,27.819,7,33.884,2.3
0.1,1000,30,35.118,9,212.51,25.667,8.2796,89.04,33.203,2.6817,30.813,2.7,23.4,8.7,27.926,7,34.005,2.3
0.1,1000,29,35.237,9,213.54,25.708,8.3064,89.378,33.337,2.681,30.922,2.7,23.564,8.7,27.925,7.1,34.13,2.3
0.1,1000,28,35.357,9,214.58,25.853,8.2997,89.712,33.442,2.6826,31.031,2.7,23.728,8.7,28.048,7.1,34.252,2.3
0.1,1000,27,35.476,9,215.61,25.936,8.3129,90.048,33.568,2.6826,31.14,2.7,23.794,8.7,28.147,7.1,34.375,2.3
0.1,1000,26,35.595,9,216.64,26.082,8.3062,90.387,33.718,2.6807,31.249,2.7,23.958,8.7,28.27,7.1,34.5,2.3
0.1,1000,25,35.714,9,217.67,26.144,8.326,90.723,33.824,2.6822,31.358,2.7,24.154,8.7,28.401,7.1,34.623,2.3
0.1,1000,24,35.833,9,218.71,26.3,8.316,91.057,33.937,2.6831,31.467,2.7,24.171,8.7,28.487,7.1,34.743,2.3
0.1,1000,23,35.952,9,219.74,26.414,8.3193,91.395,34.094,2.6807,31.575,2.7,24.449,8.7,28.598,7.1,34.867,2.3
0.1,1000,22,36.071,9,220.78,26.476,8.3388,91.731,34.196,2.6825,31.684,2.7,23.439,8.8,28.729,7.1,34.988,2.3
0.1,1000,21,36.19,9,221.81,26.559,8.3517,92.068,34.329,2.6819,31.793,2.7,23.682,8.8,28.869,7.1,35.111,2.3
0.1,1000,20,36.309,9,222.85,26.767,8.3256,92.403,34.444,2.6827,31.901,2.7,24.809,8.7,28.975,7.1,35.236,2.3
