Partial_Shading,Irradiance,Temperature,V_OC,I_SC,P_MP,V_MP,I_MP,V_1,I_1,V_2,I_2
0,1000,50,33.026,9,221.13,26.87,8.2297,24.968,8.6,28.673,7.4
0,1000,49,33.145,9,222.27,26.98,8.2383,24.263,8.7,28.788,7.4
0,1000,48,33.265,9,223.41,27.152,8.228,25.266,8.6,28.937,7.4
0,1000,47,33.384,9,224.55,27.222,8.249,24.498,8.7,29.031,7.4
0,1000,46,33.504,9,225.7,27.353,8.2513,24.801,8.7,29.158,7.4
0,1000,45,33.621,9,226.84,27.484,8.2535,24.936,8.7,29.337,7.4
0,1000,44,33.742,9,227.98,27.553,8.2742,24.97,8.7,29.432,7.4
0,1000,43,33.861,9,229.13,27.726,8.2641,25.172,8.7,29.58,7.4
0,1000,42,33.979,9,230.27,27.826,8.2755,25.256,8.7,29.691,7.4
0,1000,41,34.099,9,231.42,28.009,8.2622,25.475,8.7,29.844,7.4
0,1000,40,34.216,9,232.57,28.079,8.2828,25.676,8.7,29.832,7.5
0,1000,39,34.337,9,233.72,28.21,8.2849,25.711,8.7,29.959,7.5
0,1000,38,34.455,9,234.86,28.362,8.2809,25.978,8.7,30.097,7.5
0,1000,37,34.575,9,236.01,28.452,8.2951,26.047,8.7,30.202,7.5
0,1000,36,34.692,9,237.16,28.604,8.2911,26.215,8.7,30.34,7.5
0,1000,35,34.81,9,238.31,28.736,8.2931,26.35,8.7,30.467,7.5
0,1000,34,34.93,9,239.46,28.836,8.3042,26.435,8.7,30.632,7.5
0,1000,33,35.05,9,240.62,28.916,8.3212,26.652,8.7,30.732,7.5
0,1000,32,35.167,9,241.76,29.089,8.3112,26.852,8.7,30.881,7.5
0,1000,31,35.287,9,242.92,29.148,8.334,25.641,8.8,31.023,7.5
0,1000,30,35.402,9,244.07,29.332,8.3211,27.089,8.7,31.124,7.5
0,1000,29,35.522,9,245.23,29.464,8.3231,27.224,8.7,31.251,7.5
0,1000,28,35.639,9,246.38,29.533,8.3427,26.214,8.8,31.399,7.5
0,1000,27,35.759,9,247.54,29.644,8.3505,26.313,8.8,31.516,7.5
0,1000,26,35.876,9,248.7,29.818,8.3406,26.522,8.8,31.664,7.5
0,1000,25,35.994,9,249.86,29.908,8.3542,26.584,8.8,31.821,7.5
0,1000,24,36.113,9,251.02,30.061,8.3502,26.756,8.8,31.958,7.5
0,1000,23,36.232,9,252.17,30.193,8.3521,26.892,8.8,32.085,7.5
0,1000,22,36.348,9,253.33,30.304,8.3597,26.991,8.8,32.202,7.5
0,1000,21,36.467,9,254.49,30.373,8.3788,27.2,8.8,32.349,7.5
0,1000,20,36.585,9,255.65,30.547,8.3691,27.408,8.8,32.446,7.5
0,950,50,32.897,8.55,209.07,26.759,7.8129,24.534,8.2,28.544,7
0,950,49,33.017,8.55,210.16,26.829,7.8332,24.724,8.2,28.689,7
0,950,48,33.137,8.55,211.24,26.996,7.8249,24.913,8.2,28.835,7
0,950,47,33.256,8.55,212.33,27.124,7.828,25.043,8.2,28.96,7
0,950,46,33.377,8.55,213.42,27.233,7.8368,25.143,8.2,28.919,7.1
0,950,45,33.496,8.55,214.5,27.4,7.8285,25.332,8.2,29.221,7
0,950,44,33.616,8.55,215.6,27.47,7.8485,25.52,8.2,29.213,7.1
0,950,43,33.735,8.55,216.69,27.598,7.8515,25.65,8.2,29.338,7.1
0,950,42,33.854,8.55,217.78,27.707,7.8601,24.809,8.3,29.453,7.1
0,950,41,33.973,8.55,218.86,27.874,7.8519,25.939,8.2,29.6,7.1
0,950,40,34.094,8.55,219.96,27.944,7.8715,25.035,8.3,29.746,7.1
0,950,39,34.211,8.55,221.06,28.112,7.8634,25.232,8.3,29.841,7.1
0,950,38,34.331,8.55,222.15,28.181,7.8828,25.427,8.3,29.987,7.1
0,950,37,34.45,8.55,223.24,28.31,7.8857,25.557,8.3,30.113,7.1
0,950,36,34.569,8.55,224.34,28.478,7.8776,25.588,8.3,30.259,7.1
0,950,35,34.687,8.55,225.43,28.587,7.8859,25.85,8.3,30.374,7.1
0,950,34,34.806,8.55,226.53,28.656,7.905,25.881,8.3,30.52,7.1
0,950,33,34.925,8.55,227.63,28.785,7.9078,26.175,8.3,30.646,7.1
0,950,32,35.044,8.55,228.72,28.913,7.9106,26.305,8.3,30.772,7.1
0,950,31,35.164,8.55,229.82,29.121,7.8918,26.403,8.3,30.937,7.1
0,950,30,35.283,8.55,230.92,29.191,7.9108,26.598,8.3,31.082,7.1
0,950,29,35.401,8.55,232.02,29.3,7.9188,26.695,8.3,31.198,7.1
0,950,28,35.521,8.55,233.12,29.468,7.9109,26.89,8.3,31.343,7.1
0,950,27,35.64,8.55,234.22,29.597,7.9136,27.02,8.3,31.469,7.1
0,950,26,35.757,8.55,235.32,29.667,7.9322,27.053,8.3,31.565,7.1
0,950,25,35.875,8.55,236.43,29.776,7.9402,27.313,8.3,31.73,7.1
0,950,24,35.993,8.55,237.52,29.934,7.9349,27.491,8.3,31.87,7.1
0,950,23,36.114,8.55,238.63,30.004,7.9533,25.955,8.4,31.818,7.2
0,950,22,36.231,8.55,239.73,30.103,7.9637,26.215,8.4,31.928,7.2
0,950,21,36.351,8.55,240.84,30.242,7.9636,26.363,8.4,32.06,7.2
0,950,20,36.467,8.55,241.94,30.421,7.9532,26.401,8.4,32.211,7.2
0,900,50,32.762,8.1,197.06,26.635,7.3986,24.118,7.8,28.299,6.7
0,900,49,32.88,8.1,198.09,26.797,7.3922,24.302,7.8,28.443,6.7
0,900,48,33,8.1,199.12,26.867,7.4115,24.486,7.8,28.587,6.7
0,900,47,33.122,8.1,200.16,27.029,7.4052,24.522,7.8,28.681,6.7
0,900,46,33.241,8.1,201.19,27.099,7.4243,24.706,7.8,28.825,6.7
0,900,45,33.361,8.1,202.22,27.261,7.418,24.889,7.8,28.969,6.7
0,900,44,33.48,8.1,203.26,27.331,7.437,25.073,7.8,29.113,6.7
0,900,43,33.602,8.1,204.29,27.456,7.4407,25.198,7.8,29.237,6.7
0,900,42,33.721,8.1,205.33,27.563,7.4494,25.293,7.8,29.352,6.7
0,900,41,33.842,8.1,206.36,27.744,7.4381,25.506,7.8,29.505,6.7
0,900,40,33.961,8.1,207.4,27.795,7.4618,25.66,7.8,29.639,6.7
0,900,39,34.08,8.1,208.44,27.958,7.4555,25.698,7.8,29.783,6.7
0,900,38,34.2,8.1,209.48,28.121,7.4492,25.881,7.8,29.926,6.7
0,900,37,34.319,8.1,210.52,28.153,7.4776,24.759,7.9,30.05,6.7
0,900,36,34.438,8.1,211.56,28.354,7.4615,26.247,7.8,30.165,6.7
0,900,35,34.558,8.1,212.6,28.479,7.4651,26.372,7.8,30.289,6.7
0,900,34,34.677,8.1,213.64,28.549,7.4833,25.231,7.9,30.432,6.7
0,900,33,34.796,8.1,214.68,28.656,7.4917,25.422,7.9,30.594,6.7
0,900,32,34.917,8.1,215.73,28.838,7.4807,25.644,7.9,30.7,6.7
0,900,31,35.036,8.1,216.77,28.982,7.4793,25.638,7.9,30.833,6.7
0,900,30,35.154,8.1,217.81,29.108,7.4828,25.926,7.9,30.958,6.7
0,900,29,35.275,8.1,218.85,29.215,7.4911,26.018,7.9,31.119,6.7
0,900,28,35.394,8.1,219.9,29.285,7.509,26.208,7.9,31.073,6.8
0,900,27,35.512,8.1,220.95,29.449,7.5028,26.235,7.9,31.217,6.8
0,900,26,35.632,8.1,222,29.575,7.5062,26.522,7.9,31.342,6.8
0,900,25,35.751,8.1,223.04,29.682,7.5144,26.614,7.9,31.457,6.8
0,900,24,35.87,8.1,224.09,29.845,7.5083,26.804,7.9,31.601,6.8
0,900,23,35.989,8.1,225.13,29.971,7.5116,26.929,7.9,31.725,6.8
0,900,22,36.107,8.1,226.19,30.079,7.5197,27.021,7.9,31.84,6.8
0,900,21,36.226,8.1,227.24,30.149,7.5371,27.211,7.9,31.984,6.8
0,900,20,36.345,8.1,228.28,30.312,7.531,27.4,7.9,32.128,6.8
0,850,50,32.616,7.65,185.11,26.487,6.9887,24.537,7.3,28.185,6.3
0,850,49,32.738,7.65,186.09,26.592,6.9979,24.761,7.3,28.346,6.3
0,850,48,32.859,7.65,187.06,26.749,6.9933,24.804,7.3,28.487,6.3
0,850,47,32.979,7.65,188.04,26.819,7.0115,24.008,7.4,28.628,6.3
0,850,46,33.1,7.65,189.03,26.977,7.0069,24.186,7.4,28.723,6.3
0,850,45,33.22,7.65,190,27.134,7.0023,24.364,7.4,28.864,6.3
0,850,44,33.341,7.65,190.98,27.204,7.0203,24.395,7.4,29.006,6.3
0,850,43,33.461,7.65,191.96,27.353,7.018,24.559,7.4,29.142,6.3
0,850,42,33.581,7.65,192.94,27.431,7.0336,24.752,7.4,29.288,6.3
0,850,41,33.701,7.65,193.92,27.589,7.029,24.929,7.4,29.429,6.3
0,850,40,33.821,7.65,194.91,27.712,7.0334,25.049,7.4,29.551,6.3
0,850,39,33.942,7.65,195.89,27.816,7.0422,25.14,7.4,29.665,6.3
0,850,38,34.062,7.65,196.87,27.974,7.0376,25.318,7.4,29.806,6.3
0,850,37,34.182,7.65,197.85,28.044,7.0551,25.495,7.4,29.947,6.3
0,850,36,34.301,7.65,198.84,28.202,7.0505,25.672,7.4,30.087,6.3
0,850,35,34.422,7.65,199.83,28.325,7.0548,25.792,7.4,30.21,6.3
0,850,34,34.542,7.65,200.81,28.43,7.0634,25.884,7.4,30.14,6.4
0,850,33,34.662,7.65,201.8,28.588,7.0588,26.061,7.4,30.283,6.4
0,850,32,34.781,7.65,202.78,28.658,7.076,26.238,7.4,30.425,6.4
0,850,31,34.9,7.65,203.77,28.781,7.0801,26.359,7.4,30.548,6.4
0,850,30,35.021,7.65,204.76,28.886,7.0885,26.592,7.4,30.708,6.4
0,850,29,35.141,7.65,205.75,29.044,7.084,26.627,7.4,30.85,6.4
0,850,28,35.26,7.65,206.74,29.203,7.0795,26.804,7.4,30.945,6.4
0,850,27,35.379,7.65,207.73,29.326,7.0835,26.925,7.4,31.114,6.4
0,850,26,35.498,7.65,208.72,29.431,7.0919,27.158,7.4,31.229,6.4
0,850,25,35.619,7.65,209.71,29.519,7.1043,25.693,7.5,31.379,6.4
0,850,24,35.738,7.65,210.71,29.66,7.1041,25.844,7.5,31.511,6.4
0,850,23,35.856,7.65,211.7,29.783,7.108,25.963,7.5,31.634,6.4
0,850,22,35.977,7.65,212.69,29.977,7.0951,27.724,7.4,31.749,6.4
0,850,21,36.095,7.65,213.68,30.011,7.1201,26.33,7.5,31.916,6.4
0,850,20,36.215,7.65,214.67,30.205,7.1072,26.416,7.5,32.031,6.4
0,800,50,32.465,7.2,173.22,26.323,6.5807,24.125,6.9,28.092,5.9
0,800,49,32.587,7.2,174.14,26.475,6.5777,24.291,6.9,28.231,5.9
0,800,48,32.707,7.2,175.06,26.627,6.5747,24.458,6.9,28.37,5.9
0,800,47,32.829,7.2,175.99,26.698,6.592,24.497,6.9,28.508,5.9
0,800,46,32.95,7.2,176.91,26.85,6.589,24.663,6.9,28.647,5.9
0,800,45,33.07,7.2,177.84,26.92,6.6061,24.83,6.9,28.785,5.9
0,800,44,33.192,7.2,178.77,27.073,6.6031,24.996,6.9,28.924,5.9
0,800,43,33.312,7.2,179.69,27.225,6.6,25.162,6.9,29.062,5.9
0,800,42,33.433,7.2,180.61,27.295,6.617,25.328,6.9,28.981,6
0,800,41,33.554,7.2,181.54,27.448,6.614,25.494,6.9,29.121,6
0,800,40,33.675,7.2,182.47,27.601,6.6109,25.535,6.9,29.435,5.9
0,800,39,33.795,7.2,183.4,27.671,6.6277,24.486,7,29.4,6
0,800,38,33.914,7.2,184.33,27.824,6.6247,24.658,7,29.54,6
0,800,37,34.036,7.2,185.25,27.976,6.6216,24.829,7,29.634,6
0,800,36,34.156,7.2,186.18,28.047,6.6382,25,7,29.774,6
0,800,35,34.277,7.2,187.11,28.2,6.6352,25.171,7,29.913,6
0,800,34,34.397,7.2,188.04,28.352,6.6322,25.2,7,30.053,6
0,800,33,34.518,7.2,188.97,28.423,6.6486,25.371,7,30.192,6
0,800,32,34.636,7.2,189.9,28.576,6.6456,25.542,7,30.331,6
0,800,31,34.756,7.2,190.84,28.696,6.6503,25.656,7,30.453,6
0,800,30,34.876,7.2,191.77,28.766,6.6665,25.828,7,30.592,6
0,800,29,34.997,7.2,192.71,28.953,6.6558,26.055,7,30.748,6
0,800,28,35.119,7.2,193.64,29.023,6.6718,26.085,7,30.844,6
0,800,27,35.237,7.2,194.57,29.176,6.6688,26.256,7,30.983,6
0,800,26,35.358,7.2,195.5,29.296,6.6734,26.511,7,31.147,6
0,800,25,35.476,7.2,196.44,29.4,6.6817,26.598,7,31.261,6
0,800,24,35.596,7.2,197.38,29.553,6.6787,26.768,7,31.4,6
0,800,23,35.718,7.2,198.32,29.707,6.6757,26.939,7,31.538,6
0,800,22,35.837,7.2,199.25,29.777,6.6914,27.109,7,31.677,6
0,800,21,35.955,7.2,200.19,29.931,6.6884,27.14,7,31.815,6
0,800,20,36.075,7.2,201.12,30.084,6.6854,27.311,7,31.913,6
0,750,50,32.303,6.75,161.4,26.191,6.1625,23.56,6.5,27.994,5.5
0,750,49,32.423,6.75,162.27,26.338,6.1609,23.72,6.5,28.13,5.5
0,750,48,32.545,6.75,163.13,26.485,6.1594,23.88,6.5,28.266,5.5
0,750,47,32.667,6.75,164,26.556,6.1757,24.04,6.5,28.195,5.6
0,750,46,32.789,6.75,164.87,26.703,6.1741,24.2,6.5,28.332,5.6
0,750,45,32.909,6.75,165.74,26.851,6.1725,24.36,6.5,28.469,5.6
0,750,44,33.032,6.75,166.61,26.89,6.1958,24.47,6.5,28.589,5.6
0,750,43,33.152,6.75,167.48,27.069,6.1871,24.555,6.5,28.743,5.6
0,750,42,33.275,6.75,168.35,27.139,6.2031,24.715,6.5,28.88,5.6
0,750,41,33.396,6.75,169.22,27.287,6.2015,24.875,6.5,29.017,5.6
0,750,40,33.517,6.75,170.09,27.434,6.1999,25.035,6.5,29.153,5.6
0,750,39,33.638,6.75,170.96,27.582,6.1982,25.195,6.5,29.29,5.6
0,750,38,33.759,6.75,171.83,27.73,6.1966,25.355,6.5,29.427,5.6
0,750,37,33.879,6.75,172.71,27.847,6.202,25.465,6.5,29.547,5.6
0,750,36,33.999,6.75,173.58,27.948,6.2108,25.674,6.5,29.659,5.6
0,750,35,34.122,6.75,174.45,28.034,6.2229,25.834,6.5,29.804,5.6
0,750,34,34.241,6.75,175.33,28.167,6.2247,25.871,6.5,29.933,5.6
0,750,33,34.363,6.75,176.21,28.315,6.2231,26.031,6.5,30.069,5.6
0,750,32,34.483,6.75,177.08,28.385,6.2385,24.594,6.6,30.206,5.6
0,750,31,34.605,6.75,177.96,28.534,6.2368,26.35,6.5,30.343,5.6
0,750,30,34.726,6.75,178.84,28.682,6.2352,26.51,6.5,30.479,5.6
0,750,29,34.846,6.75,179.71,28.799,6.2403,25.03,6.6,30.639,5.6
0,750,28,34.965,6.75,180.59,28.9,6.2487,25.251,6.6,30.752,5.6
0,750,27,35.086,6.75,181.47,29.018,6.2538,25.358,6.6,30.873,5.6
0,750,26,35.206,6.75,182.35,29.197,6.2454,25.579,6.6,31.024,5.6
0,750,25,35.328,6.75,183.23,29.268,6.2605,25.601,6.6,31.161,5.6
0,750,24,35.447,6.75,184.11,29.416,6.2588,25.766,6.6,31.297,5.6
0,750,23,35.569,6.75,184.99,29.565,6.2571,25.93,6.6,31.433,5.6
0,750,22,35.69,6.75,185.87,29.635,6.272,26.094,6.6,31.569,5.6
0,750,21,35.81,6.75,186.75,29.784,6.2703,26.258,6.6,31.705,5.6
0,750,20,35.93,6.75,187.63,29.901,6.2752,26.366,6.6,31.826,5.6
0,700,50,32.128,6.3,149.65,26.022,5.7508,24.156,6,27.661,5.2
0,700,49,32.252,6.3,150.46,26.165,5.7505,24.199,6,27.795,5.2
0,700,48,32.372,6.3,151.27,26.307,5.7502,24.349,6,27.93,5.2
0,700,47,32.496,6.3,152.08,26.377,5.7655,23.342,6.1,28.064,5.2
0,700,46,32.618,6.3,152.89,26.52,5.7652,23.495,6.1,28.199,5.2
0,700,45,32.74,6.3,153.71,26.663,5.7649,23.648,6.1,28.333,5.2
0,700,44,32.862,6.3,154.52,26.805,5.7646,23.677,6.1,28.468,5.2
0,700,43,32.983,6.3,155.34,26.876,5.7797,23.83,6.1,28.602,5.2
0,700,42,33.106,6.3,156.15,27.018,5.7794,23.983,6.1,28.736,5.2
0,700,41,33.227,6.3,156.96,27.161,5.779,24.137,6.1,28.871,5.2
0,700,40,33.347,6.3,157.78,27.275,5.7848,24.364,6.1,29.028,5.2
0,700,39,33.469,6.3,158.6,27.375,5.7936,24.443,6.1,29.177,5.2
0,700,38,33.59,6.3,159.42,27.518,5.7932,24.596,6.1,29.311,5.2
0,700,37,33.714,6.3,160.23,27.675,5.7897,24.773,6.1,29.415,5.2
0,700,36,33.834,6.3,161.05,27.731,5.8075,24.902,6.1,29.579,5.2
0,700,35,33.955,6.3,161.87,27.918,5.7981,25.055,6.1,29.699,5.2
0,700,34,34.078,6.3,162.69,28.017,5.8067,25.208,6.1,29.847,5.2
0,700,33,34.198,6.3,163.51,28.131,5.8123,25.434,6.1,29.967,5.2
0,700,32,34.319,6.3,164.33,28.231,5.8208,25.514,6.1,30.115,5.2
0,700,31,34.44,6.3,165.15,28.418,5.8114,25.739,6.1,30.235,5.2
0,700,30,34.564,6.3,165.97,28.518,5.8199,25.82,6.1,30.383,5.2
0,700,29,34.683,6.3,166.79,28.661,5.8195,25.973,6.1,30.517,5.2
0,700,28,34.804,6.3,167.61,28.731,5.8338,26.126,6.1,30.424,5.3
0,700,27,34.925,6.3,168.44,28.875,5.8333,26.278,6.1,30.785,5.2
0,700,26,35.046,6.3,169.26,28.989,5.8387,26.503,6.1,30.678,5.3
0,700,25,35.169,6.3,170.08,29.162,5.8324,26.584,6.1,31.052,5.2
0,700,24,35.289,6.3,170.9,29.232,5.8465,26.737,6.1,30.964,5.3
0,700,23,35.408,6.3,171.73,29.347,5.8518,26.842,6.1,31.083,5.3
0,700,22,35.529,6.3,172.56,29.52,5.8455,27.042,6.1,31.233,5.3
0,700,21,35.65,6.3,173.38,29.663,5.845,27.195,6.1,31.368,5.3
0,700,20,35.771,6.3,174.21,29.734,5.8589,24.839,6.2,31.503,5.3
0,650,50,31.942,5.85,137.97,25.868,5.3336,23.564,5.6,27.561,4.8
0,650,49,32.067,5.85,138.72,26.005,5.3344,23.707,5.6,27.692,4.8
0,650,48,32.187,5.85,139.48,26.143,5.3352,23.85,5.6,27.824,4.8
0,650,47,32.312,5.85,140.23,26.28,5.3361,23.993,5.6,27.956,4.8
0,650,46,32.432,5.85,140.99,26.324,5.3559,24.136,5.6,28.073,4.8
0,650,45,32.555,5.85,141.75,26.489,5.3513,24.279,5.6,28.219,4.8
0,650,44,32.677,5.85,142.51,26.6,5.3575,24.484,5.6,28.372,4.8
0,650,43,32.802,5.85,143.26,26.697,5.3663,24.565,5.6,28.482,4.8
0,650,42,32.923,5.85,144.02,26.835,5.367,24.709,5.6,28.614,4.8
0,650,41,33.046,5.85,144.79,26.973,5.3678,24.852,5.6,28.781,4.8
0,650,40,33.167,5.85,145.55,27.111,5.3685,24.995,5.6,28.913,4.8
0,650,39,33.291,5.85,146.31,27.249,5.3692,25.138,5.6,29.044,4.8
0,650,38,33.411,5.85,147.07,27.387,5.3699,25.281,5.6,29.176,4.8
0,650,37,33.533,5.85,147.83,27.525,5.3707,25.424,5.6,29.307,4.8
0,650,36,33.658,5.85,148.59,27.596,5.3845,23.992,5.7,29.439,4.8
0,650,35,33.777,5.85,149.35,27.734,5.3852,24.137,5.7,29.571,4.8
0,650,34,33.899,5.85,150.12,27.872,5.3859,24.282,5.7,29.702,4.8
0,650,33,34.021,5.85,150.88,28.01,5.3866,24.427,5.7,29.867,4.8
0,650,32,34.143,5.85,151.64,28.081,5.4002,24.572,5.7,29.749,4.9
0,650,31,34.265,5.85,152.41,28.26,5.3931,24.79,5.7,29.893,4.9
0,650,30,34.387,5.85,153.18,28.358,5.4015,24.863,5.7,30.018,4.9
0,650,29,34.511,5.85,153.94,28.496,5.4021,25.008,5.7,30.15,4.9
0,650,28,34.63,5.85,154.7,28.567,5.4155,25.153,5.7,30.283,4.9
0,650,27,34.752,5.85,155.47,28.773,5.4033,25.298,5.7,30.415,4.9
0,650,26,34.873,5.85,156.24,28.844,5.4167,25.443,5.7,30.547,4.9
0,650,25,34.995,5.85,157,28.982,5.4173,25.709,5.7,30.68,4.9
0,650,24,35.118,5.85,157.77,29.121,5.4179,25.854,5.7,30.812,4.9
0,650,23,35.238,5.85,158.54,29.192,5.431,25.999,5.7,30.98,4.9
0,650,22,35.359,5.85,159.31,29.33,5.4316,26.144,5.7,31.113,4.9
0,650,21,35.48,5.85,160.08,29.537,5.4196,26.289,5.7,31.245,4.9
0,650,20,35.601,5.85,160.85,29.608,5.4326,26.435,5.7,31.377,4.9
0,600,50,31.743,5.4,126.37,25.696,4.9178,22.823,5.2,27.42,4.4
0,600,49,31.864,5.4,127.07,25.767,4.9314,22.959,5.2,27.549,4.4
0,600,48,31.987,5.4,127.77,25.961,4.9215,23.094,5.2,27.678,4.4
0,600,47,32.11,5.4,128.47,26.069,4.928,23.229,5.2,27.827,4.4
0,600,46,32.236,5.4,129.17,26.202,4.9298,23.427,5.2,27.956,4.4
0,600,45,32.359,5.4,129.87,26.359,4.9269,23.603,5.2,28.098,4.4
0,600,44,32.482,5.4,130.57,26.492,4.9287,23.739,5.2,28.228,4.4
0,600,43,32.603,5.4,131.27,26.563,4.942,23.874,5.2,28.357,4.4
0,600,42,32.726,5.4,131.98,26.696,4.9437,24.01,5.2,28.518,4.4
0,600,41,32.849,5.4,132.68,26.829,4.9454,24.145,5.2,28.38,4.5
0,600,40,32.972,5.4,133.38,26.962,4.9471,24.281,5.2,28.51,4.5
0,600,39,33.094,5.4,134.09,27.033,4.9602,24.518,5.2,28.64,4.5
0,600,38,33.217,5.4,134.79,27.166,4.9619,24.653,5.2,28.77,4.5
0,600,37,33.342,5.4,135.5,27.299,4.9635,24.789,5.2,28.934,4.5
0,600,36,33.463,5.4,136.21,27.432,4.9652,24.924,5.2,29.064,4.5
0,600,35,33.585,5.4,136.91,27.566,4.9668,25.06,5.2,29.194,4.5
0,600,34,33.708,5.4,137.62,27.637,4.9796,25.196,5.2,29.324,4.5
0,600,33,33.83,5.4,138.33,27.77,4.9811,25.431,5.2,29.454,4.5
0,600,32,33.953,5.4,139.03,27.903,4.9827,25.567,5.2,29.617,4.5
0,600,31,34.075,5.4,139.74,28.037,4.9843,25.703,5.2,29.747,4.5
0,600,30,34.198,5.4,140.45,28.17,4.9859,25.838,5.2,29.877,4.5
0,600,29,34.32,5.4,141.16,28.304,4.9874,25.974,5.2,30.007,4.5
0,600,28,34.442,5.4,141.87,28.437,4.989,26.11,5.2,30.137,4.5
0,600,27,34.565,5.4,142.58,28.571,4.9905,26.246,5.2,30.3,4.5
0,600,26,34.687,5.4,143.29,28.704,4.992,26.48,5.2,30.43,4.5
0,600,25,34.809,5.4,144,28.838,4.9935,26.616,5.2,30.559,4.5
0,600,24,34.931,5.4,144.72,28.909,5.0059,24.203,5.3,30.689,4.5
0,600,23,35.053,5.4,145.43,29.043,5.0073,24.339,5.3,30.819,4.5
0,600,22,35.175,5.4,146.14,29.176,5.0088,24.475,5.3,30.981,4.5
0,600,21,35.297,5.4,146.85,29.31,5.0103,24.733,5.3,31.111,4.5
0,600,20,35.419,5.4,147.56,29.444,5.0117,24.869,5.3,31.228,4.5
0,550,50,31.522,4.95,114.85,25.474,4.5087,23.506,4.7,26.968,4.1
0,550,49,31.646,4.95,115.5,25.602,4.5113,23.718,4.7,27.128,4.1
0,550,48,31.77,4.95,116.14,25.707,4.5179,23.845,4.7,27.242,4.1
0,550,47,31.893,4.95,116.79,25.857,4.5166,23.973,4.7,27.382,4.1
0,550,46,32.017,4.95,117.43,25.985,4.5192,24.1,4.7,27.542,4.1
0,550,45,32.141,4.95,118.08,26.113,4.5217,24.311,4.7,27.669,4.1
0,550,44,32.265,4.95,118.72,26.275,4.5184,24.439,4.7,27.816,4.1
0,550,43,32.389,4.95,119.37,26.403,4.521,24.566,4.7,27.943,4.1
0,550,42,32.512,4.95,120.02,26.497,4.5294,23.029,4.8,28.083,4.1
0,550,41,32.636,4.95,120.66,26.625,4.5319,23.156,4.8,28.21,4.1
0,550,40,32.759,4.95,121.31,26.753,4.5344,23.383,4.8,28.369,4.1
0,550,39,32.883,4.95,121.96,26.881,4.5369,23.51,4.8,28.497,4.1
0,550,38,33.007,4.95,122.61,26.953,4.549,23.637,4.8,28.624,4.1
0,550,37,33.13,4.95,123.26,27.138,4.5419,23.763,4.8,28.782,4.1
0,550,36,33.255,4.95,123.9,27.266,4.5443,23.99,4.8,28.91,4.1
0,550,35,33.377,4.95,124.56,27.394,4.5468,24.117,4.8,29.037,4.1
0,550,34,33.5,4.95,125.21,27.523,4.5492,24.244,4.8,29.195,4.1
0,550,33,33.623,4.95,125.86,27.651,4.5516,24.371,4.8,29.323,4.1
0,550,32,33.746,4.95,126.51,27.723,4.5634,24.597,4.8,29.45,4.1
0,550,31,33.87,4.95,127.16,27.851,4.5658,24.724,4.8,29.608,4.1
0,550,30,33.992,4.95,127.82,27.98,4.5681,24.851,4.8,29.735,4.1
0,550,29,34.116,4.95,128.46,28.108,4.5704,25.077,4.8,29.862,4.1
0,550,28,34.239,4.95,129.12,28.237,4.5727,25.204,4.8,30.02,4.1
0,550,27,34.361,4.95,129.77,28.365,4.575,25.332,4.8,30.147,4.1
0,550,26,34.484,4.95,130.43,28.494,4.5773,25.459,4.8,30.274,4.1
0,550,25,34.607,4.95,131.08,28.623,4.5796,25.684,4.8,30.431,4.1
0,550,24,34.73,4.95,131.73,28.728,4.5855,25.811,4.8,30.547,4.1
0,550,23,34.852,4.95,132.39,28.88,4.5841,25.939,4.8,30.686,4.1
0,550,22,34.975,4.95,133.05,29.009,4.5864,26.066,4.8,30.842,4.1
0,550,21,35.099,4.95,133.7,29.138,4.5886,26.291,4.8,30.97,4.1
0,550,20,35.221,4.95,134.36,29.267,4.5908,26.418,4.8,31.098,4.1
0,500,50,31.283,4.5,103.43,25.273,4.0927,22.821,4.3,26.806,3.7
0,500,49,31.406,4.5,104.02,25.396,4.0961,22.94,4.3,26.96,3.7
0,500,48,31.532,4.5,104.61,25.518,4.0994,23.141,4.3,27.084,3.7
0,500,47,31.656,4.5,105.2,25.59,4.1108,23.26,4.3,27.238,3.7
0,500,46,31.781,4.5,105.78,25.764,4.1059,23.379,4.3,27.363,3.7
0,500,45,31.906,4.5,106.38,25.888,4.1091,23.58,4.3,27.516,3.7
0,500,44,32.029,4.5,106.97,26.011,4.1124,23.699,4.3,27.641,3.7
0,500,43,32.155,4.5,107.56,26.134,4.1156,23.9,4.3,27.794,3.7
0,500,42,32.278,4.5,108.14,26.257,4.1187,24.019,4.3,27.919,3.7
0,500,41,32.404,4.5,108.74,26.38,4.1219,24.139,4.3,28.072,3.7
0,500,40,32.527,4.5,109.33,26.555,4.117,24.339,4.3,28.197,3.7
0,500,39,32.652,4.5,109.92,26.658,4.1234,24.458,4.3,28.338,3.7
0,500,38,32.775,4.5,110.51,26.802,4.1233,24.658,4.3,28.474,3.7
0,500,37,32.9,4.5,111.1,26.873,4.1344,24.778,4.3,28.627,3.7
0,500,36,33.024,4.5,111.7,26.997,4.1374,24.898,4.3,28.752,3.7
0,500,35,33.15,4.5,112.29,27.203,4.1279,25.097,4.3,28.893,3.7
0,500,34,33.272,4.5,112.89,27.244,4.1435,22.582,4.4,29.029,3.7
0,500,33,33.396,4.5,113.48,27.419,4.1387,25.337,4.3,29.154,3.7
0,500,32,33.52,4.5,114.07,27.491,4.1495,22.914,4.4,29.306,3.7
0,500,31,33.643,4.5,114.67,27.666,4.1447,23.13,4.4,29.431,3.7
0,500,30,33.767,4.5,115.26,27.79,4.1477,23.246,4.4,29.583,3.7
0,500,29,33.893,4.5,115.86,27.913,4.1507,23.362,4.4,29.708,3.7
0,500,28,34.015,4.5,116.45,28.037,4.1536,23.578,4.4,29.86,3.7
0,500,27,34.138,4.5,117.05,28.161,4.1566,23.694,4.4,29.985,3.7
0,500,26,34.262,4.5,117.65,28.285,4.1595,23.91,4.4,30.136,3.7
0,500,25,34.385,4.5,118.25,28.46,4.1548,24.026,4.4,30.262,3.7
0,500,24,34.511,4.5,118.84,28.532,4.1653,24.242,4.4,30.413,3.7
0,500,23,34.632,4.5,119.44,28.708,4.1606,24.358,4.4,30.538,3.7
0,500,22,34.757,4.5,120.04,28.78,4.171,24.474,4.4,30.362,3.8
0,500,21,34.88,4.5,120.64,28.904,4.1738,24.69,4.4,30.487,3.8
0,500,20,35.002,4.5,121.24,29.028,4.1766,24.806,4.4,30.642,3.8
